-- Drop All Created Tables
DROP TABLE RBILL;
DROP TABLE RBOOKITEM;
DROP TABLE FEEDBACK;
DROP TABLE RBOOKROOM;
DROP TABLE BOOKING;
DROP TABLE EMPLOYEE;
DROP TABLE EMPLOYEETYPE;
DROP TABLE ROOM;
DROP TABLE ROOMPRICE;
DROP TABLE IMAGE;
DROP TABLE ROOMTYPE;
DROP TABLE CUSTOMER;
--

CREATE TABLE ROOMTYPE
(
    TYPE_NAME   VARCHAR2(20) PRIMARY KEY,
    DESCRIPTION VARCHAR2(120)
);

INSERT INTO ROOMTYPE
VALUES ('SINGLE', '1 normal size beds, 1 bathroom, 1 tv');
INSERT INTO ROOMTYPE
VALUES ('DOUBLE', '2 normal size beds, 2 bathrooms, 2 tvs');
INSERT INTO ROOMTYPE
VALUES ('COUPLE', '1 king size bed, 1 bathroom, 1 tv');

CREATE TABLE IMAGE
(
    IMAGE_NAME VARCHAR2(36) PRIMARY KEY,
    TYPE_NAME  VARCHAR2(20),
    CONSTRAINT IMAGE_TYPE_NAME_FK FOREIGN KEY (TYPE_NAME)
        REFERENCES ROOMTYPE (TYPE_NAME)
);

INSERT INTO IMAGE
VALUES ('BATHROOM_S.jpeg', 'SINGLE');
INSERT INTO IMAGE
VALUES ('BATHROOM_D1.jpeg', 'DOUBLE');
INSERT INTO IMAGE
VALUES ('BATHROOM2_D2.jpeg', 'DOUBLE');
INSERT INTO IMAGE
VALUES ('BATHROOM_C.jpeg', 'COUPLE');
INSERT INTO IMAGE
VALUES ('BEDROOM_S.jpeg', 'SINGLE');
INSERT INTO IMAGE
VALUES ('BEDROOM_D.jpeg', 'DOUBLE');
INSERT INTO IMAGE
VALUES ('BEDROOM_C.jpeg', 'COUPLE');


CREATE TABLE ROOMPRICE
(
    DATE_FROM DATE,
    DATE_TO   DATE,
    PRICE     NUMBER(9) NOT NULL,
    TYPE_NAME VARCHAR(20),
    PRIMARY KEY (DATE_FROM, DATE_TO, TYPE_NAME),
    CONSTRAINT ROOMPRICE_TYPE_NAME_FK FOREIGN KEY (TYPE_NAME)
        REFERENCES ROOMTYPE (TYPE_NAME)
);
INSERT INTO ROOMPRICE
VALUES (TO_DATE('16-JAN-2022', 'DD-MON-YYYY'), TO_DATE('15-MAY-2022', 'DD-MON-YYYY'), 34999, 'SINGLE');
INSERT INTO ROOMPRICE
VALUES (TO_DATE('16-MAY-2022', 'DD-MON-YYYY'), TO_DATE('15-AUG-2022', 'DD-MON-YYYY'), 44999, 'SINGLE');
INSERT INTO ROOMPRICE
VALUES (TO_DATE('16-AUG-2022', 'DD-MON-YYYY'), TO_DATE('15-JAN-2022', 'DD-MON-YYYY'), 34999, 'SINGLE');
INSERT INTO ROOMPRICE
VALUES (TO_DATE('16-JAN-2022', 'DD-MON-YYYY'), TO_DATE('15-MAY-2022', 'DD-MON-YYYY'), 64999, 'DOUBLE');
INSERT INTO ROOMPRICE
VALUES (TO_DATE('16-MAY-2022', 'DD-MON-YYYY'), TO_DATE('15-AUG-2022', 'DD-MON-YYYY'), 69999, 'DOUBLE');
INSERT INTO ROOMPRICE
VALUES (TO_DATE('16-AUG-2022', 'DD-MON-YYYY'), TO_DATE('15-JAN-2022', 'DD-MON-YYYY'), 64999, 'DOUBLE');
INSERT INTO ROOMPRICE
VALUES (TO_DATE('16-JAN-2022', 'DD-MON-YYYY'), TO_DATE('15-MAY-2022', 'DD-MON-YYYY'), 129999, 'COUPLE');
INSERT INTO ROOMPRICE
VALUES (TO_DATE('16-MAY-2022', 'DD-MON-YYYY'), TO_DATE('15-AUG-2022', 'DD-MON-YYYY'), 149999, 'COUPLE');
INSERT INTO ROOMPRICE
VALUES (TO_DATE('16-AUG-2022', 'DD-MON-YYYY'), TO_DATE('15-JAN-2022', 'DD-MON-YYYY'), 129999, 'COUPLE');

CREATE TABLE ROOM
(
    ID        VARCHAR2(6),
    STATUS    VARCHAR2(9),
-- AVAILABLE - RESERVED - SERVICE
    PHONE     NUMBER(7) NOT NULL UNIQUE,
-- 000 00 01...
    TYPE_NAME VARCHAR(20),
    PRIMARY KEY (ID),
    CONSTRAINT ROOM_TYPE_NAME_FK FOREIGN KEY (TYPE_NAME)
        REFERENCES ROOMTYPE (TYPE_NAME)
);

INSERT INTO ROOM
VALUES ('R1', 'AVAILABLE', '500001', 'COUPLE');
INSERT INTO ROOM
VALUES ('R2', 'AVAILABLE', '500002', 'DOUBLE');
INSERT INTO ROOM
VALUES ('R3', 'RESERVED', '500003', 'DOUBLE');
INSERT INTO ROOM
VALUES ('R4', 'RESERVED', '500004', 'COUPLE');
INSERT INTO ROOM
VALUES ('R5', 'AVAILABLE', '500005', 'SINGLE');

CREATE TABLE EMPLOYEETYPE
(
    TYPE_NAME VARCHAR(32) PRIMARY KEY,
    SALARY    NUMBER(8) NOT NULL
-- 15,000.00
);

INSERT INTO EMPLOYEETYPE
VALUES ('MANAGER', 15000);
INSERT INTO EMPLOYEETYPE
VALUES ('RECEPTIONIST', 12000);
INSERT INTO EMPLOYEETYPE
VALUES ('WAITER', 10000);
INSERT INTO EMPLOYEETYPE
VALUES ('COOK', 9000);
INSERT INTO EMPLOYEETYPE
VALUES ('BARTENDER', 8000);
INSERT INTO EMPLOYEETYPE
VALUES ('CLEANER', 7000);
INSERT INTO EMPLOYEETYPE
VALUES ('SECURITY', 6000);
INSERT INTO EMPLOYEETYPE
VALUES ('BELLBOY', 5000);
INSERT INTO EMPLOYEETYPE
VALUES ('STAFF', 4000);


CREATE TABLE EMPLOYEE
(
    ID         VARCHAR2(6) PRIMARY KEY,
    FIRST_NAME VARCHAR2(16) NOT NULL,
    LAST_NAME  VARCHAR2(16) NOT NULL,
    GENDER     VARCHAR2(6) NOT NULL,
    BIRTH_DATE DATE NOT NULL,
    ADDRESS    VARCHAR2(60) NOT NULL,
    PHONE      NUMBER(10) NOT NULL UNIQUE,
    TYPE_NAME  VARCHAR(32),
    CONSTRAINT EMPLOYEE_TYPE_NAME_FK FOREIGN KEY (TYPE_NAME)
        REFERENCES EMPLOYEETYPE (TYPE_NAME)
);


INSERT INTO EMPLOYEE
VALUES ('E1', 'Wing', 'Horne', 'F', '10-Jun-1988', 'Ap #816-8210 Ante Ave', 6909021508, 'MANAGER');
INSERT INTO EMPLOYEE
VALUES ('E2', 'Yasir', 'Levine', 'F', '10-Mar-1990', 'P.O. Box 582, 8658 Malesuada St.', 6837796514, 'MANAGER');
INSERT INTO EMPLOYEE
VALUES ('E3', 'Indigo', 'Blair', 'F', '16-Jul-1998', 'Ap #845-5359 Magna. Avenue', 8121647089, 'CLEANER');
INSERT INTO EMPLOYEE
VALUES ('E4', 'Tyler', 'Garza', 'M', '17-Apr-1976', 'P.O. Box 257, 2256 Cras St.', 5094773105, 'BELLBOY');
INSERT INTO EMPLOYEE
VALUES ('E5', 'Armando', 'Juarez', 'F', '31-May-1979', '368-5228 Quam Ave', 4656699354, 'WAITER');
INSERT INTO EMPLOYEE
VALUES ('E6', 'Martena', 'Greer', 'F', '11-Feb-1999', '9366 Non, Av.', 7666154074, 'MANAGER');
INSERT INTO EMPLOYEE
VALUES ('E7', 'Ronan', 'Irwin', 'M', '23-Apr-1996', '340-3845 Semper. Road', 2853376505, 'COOK');
INSERT INTO EMPLOYEE
VALUES ('E8', 'Ria', 'Conley', 'M', '08-May-1981', '370-2585 Lobortis Road', 1445286570, 'MANAGER');
INSERT INTO EMPLOYEE
VALUES ('E9', 'Larissa', 'Greene', 'F', '28-Feb-1978', '1085 Non, Street', 5907453636, 'MANAGER');
INSERT INTO EMPLOYEE
VALUES ('E10', 'Scarlett', 'Cunningham', 'F', '27-Dec-1983', '7402 Nec, Ave', 6764862410, 'WAITER');
INSERT INTO EMPLOYEE
VALUES ('E11', 'Veronica', 'Farrell', 'M', '25-Sep-1982', 'P.O. Box 926, 5832 Diam Av.', 8835219237, 'RECEPTIONIST');
INSERT INTO EMPLOYEE
VALUES ('E12', 'Levi', 'Nunez', 'F', '26-May-1992', '6202 Nec Road', 6163621400, 'WAITER');
INSERT INTO EMPLOYEE
VALUES ('E13', 'Baxter', 'Kelley', 'M', '22-Feb-1979', '399-4462 Lobortis, Avenue', 7223871018, 'STAFF');
INSERT INTO EMPLOYEE
VALUES ('E14', 'Cameron', 'Wade', 'M', '09-Sep-2003', 'P.O. Box 133, 877 In Road', 9880151603, 'RECEPTIONIST');
INSERT INTO EMPLOYEE
VALUES ('E15', 'Hector', 'Burris', 'M', '27-Sep-2002', 'Ap #309-4392 Suspendisse Rd.', 6930335276, 'BELLBOY');
INSERT INTO EMPLOYEE
VALUES ('E16', 'Michael', 'Hodges', 'F', '15-Dec-1980', '817-4742 Ac Street', 4889909127, 'RECEPTIONIST');
INSERT INTO EMPLOYEE
VALUES ('E17', 'Jonas', 'Cross', 'M', '08-May-2000', 'Ap #752-2792 Amet, Rd.', 6873505308, 'STAFF');
INSERT INTO EMPLOYEE
VALUES ('E18', 'Germaine', 'Guy', 'M', '14-Mar-2000', 'Ap #548-414 Vel Street', 6686470681, 'BARTENDER');
INSERT INTO EMPLOYEE
VALUES ('E19', 'Cooper', 'Mccarty', 'F', '07-Feb-1992', 'Ap #692-1329 Eleifend Avenue', 8194396555, 'BELLBOY');
INSERT INTO EMPLOYEE
VALUES ('E20', 'Ulla', 'Estrada', 'M', '27-Nov-1997', 'Ap #755-6489 Velit Av.', 9576317040, 'SECURITY');



CREATE TABLE CUSTOMER
(
    ID          VARCHAR2(6) PRIMARY KEY,
    FIRST_NAME  VARCHAR2(16) NOT NULL,
    LAST_NAME   VARCHAR2(16) NOT NULL,
    GENDER      VARCHAR(1) NOT NULL,
    BIRTH_DATE  DATE       NOT NULL,
    NATIONAL_ID NUMBER(11) NOT NULL UNIQUE,
    ADRESS_LINE VARCHAR2(60) NOT NULL,
    PHONE       NUMBER(10) NOT NULL UNIQUE
);

INSERT INTO CUSTOMER
VALUES ('C1', 'Dylan', 'Mason', 'M', TO_DATE('12-Mar-1983', 'DD-MON-YYYY'), 21953185216, '168-5595 Consequat St.',
        9795750184);
INSERT INTO CUSTOMER
VALUES ('C2', 'Brody', 'Gonzalez', 'M', TO_DATE('09-Mar-1996', 'DD-MON-YYYY'), 96483390238, '118-3096 Aptent Street',
        4314290498);
INSERT INTO CUSTOMER
VALUES ('C3', 'Ivor', 'Richardson', 'M', TO_DATE('28-Jun-1978', 'DD-MON-YYYY'), 74869920075, '644-4851 Lacus. Rd.',
        2956615946);
INSERT INTO CUSTOMER
VALUES ('C4', 'Gareth', 'Rose', 'M', TO_DATE('21-Jul-1998', 'DD-MON-YYYY'), 80699139623, '790-3607 Vel St.',
        1176513022);
INSERT INTO CUSTOMER
VALUES ('C5', 'Magee', 'Oneil', 'F', TO_DATE('18-Mar-1991', 'DD-MON-YYYY'), 25968359711, 'Ap #766-4491 Velit Rd.',
        7862498931);
INSERT INTO CUSTOMER
VALUES ('C6', 'Raya', 'Weber', 'F', TO_DATE('11-Apr-2000', 'DD-MON-YYYY'), 78097705390, '895-5155 Elit. Rd.',
        6813924207);
INSERT INTO CUSTOMER
VALUES ('C7', 'Hakeem', 'Rollins', 'M', TO_DATE('19-Feb-1982', 'DD-MON-YYYY'), 80623655057, '3731 Hendrerit. Rd.',
        8660495236);
INSERT INTO CUSTOMER
VALUES ('C8', 'Gavin', 'Kent', 'M', TO_DATE('24-Apr-1991', 'DD-MON-YYYY'), 32206134565, '8755 Tellus. St.', 8673537821);
INSERT INTO CUSTOMER
VALUES ('C9', 'Zena', 'Long', 'F', TO_DATE('13-Feb-1994', 'DD-MON-YYYY'), 35419216547, '6477 Suscipit Av.', 9726407162);
INSERT INTO CUSTOMER
VALUES ('C10', 'Mari', 'Wilkins', 'F', TO_DATE('22-Oct-1985', 'DD-MON-YYYY'), 68801573590, '5177 Dui. Rd.', 8734311550);
INSERT INTO CUSTOMER
VALUES ('C11', 'Silas', 'Charles', 'M', TO_DATE('08-Oct-1977', 'DD-MON-YYYY'), 98674292096,
        'P.O. Box 613, 7529 Dictum St.', 3664740912);
INSERT INTO CUSTOMER
VALUES ('C12', 'David', 'Gilbert', 'M', TO_DATE('12-Apr-1979', 'DD-MON-YYYY'), 42627376292,
        'P.O. Box 584, 3592 Fusce St.', 3228229084);
INSERT INTO CUSTOMER
VALUES ('C13', 'Inez', 'Weiss', 'M', TO_DATE('07-Feb-1984', 'DD-MON-YYYY'), 42259706371, 'Ap #872-5986 Dictum Rd.',
        9201386296);
INSERT INTO CUSTOMER
VALUES ('C14', 'Kiara', 'Sexton', 'F', TO_DATE('18-Jun-1980', 'DD-MON-YYYY'), 27676620707, 'Ap #961-3946 Luctus Av.',
        1936329539);
INSERT INTO CUSTOMER
VALUES ('C15', 'Sasha', 'Bryan', 'F', TO_DATE('25-Mar-1984', 'DD-MON-YYYY'), 62123771947,
        'P.O. Box 983, 7430 Semper, Road', 4447148530);
INSERT INTO CUSTOMER
VALUES ('C16', 'Ina', 'Jarvis', 'F', TO_DATE('26-Sep-1983', 'DD-MON-YYYY'), 74527414819, 'Ap #513-2111 Eu Av.',
        5257014838);
INSERT INTO CUSTOMER
VALUES ('C17', 'Anjolie', 'Howard', 'F', TO_DATE('30-Apr-1978', 'DD-MON-YYYY'), 46430700540, '3881 Nec, St.',
        3993541142);
INSERT INTO CUSTOMER
VALUES ('C18', 'Geraldine', 'Gates', 'M', TO_DATE('26-Nov-1984', 'DD-MON-YYYY'), 72458728406, '7454 Sapien Rd.',
        7688739956);
INSERT INTO CUSTOMER
VALUES ('C19', 'India', 'Nieves', 'M', TO_DATE('21-Jan-2002', 'DD-MON-YYYY'), 53433147575, '934-756 Tincidunt St.',
        8648299233);
INSERT INTO CUSTOMER
VALUES ('C20', 'Aladdin', 'Mclean', 'M', TO_DATE('27-Sep-1991', 'DD-MON-YYYY'), 49537116221, '3153 Tellus Road',
        6020102214);

CREATE TABLE FEEDBACK
(
    ID          VARCHAR2(6) PRIMARY KEY,
    DESCRIPTION VARCHAR2(60),
    SCORE       NUMBER(1) NOT NULL,
    ROOM_ID     VARCHAR(6),
    EMPLOYEE_ID VARCHAR(6),
    CUSTOMER_ID VARCHAR(6),
    CONSTRAINT FEEDBACK_ROOM_ID_FK FOREIGN KEY (ROOM_ID)
        REFERENCES ROOM (ID) ON DELETE CASCADE,
    CONSTRAINT FEEDBACK_EMPLOYEE_ID_FK FOREIGN KEY (EMPLOYEE_ID)
        REFERENCES EMPLOYEE (ID) ON DELETE CASCADE,
    CONSTRAINT FEEDBACK_CUSTOMER_ID_FK FOREIGN KEY (CUSTOMER_ID)
        REFERENCES CUSTOMER (ID) ON DELETE CASCADE
);
INSERT INTO FEEDBACK
VALUES ('F1', 'This was many best holiday. Everything was great.', 5, 'R1', 'E11', 'C1');
INSERT INTO FEEDBACK
VALUES ('F2', 'Employer was not polite to me. Room was decent', 2, 'R2', 'E16', 'C2');
INSERT INTO FEEDBACK
VALUES ('F3', '-', 5, 'R5', 'E16', 'C3');
INSERT INTO FEEDBACK
VALUES ('F4', 'Room was not clear and the bed was squeaky.', 3, 'R4', 'E11', 'C8');
INSERT INTO FEEDBACK
VALUES ('F5', 'Bed should be replaced.', 2, 'R4', 'E11', 'C11');
INSERT INTO FEEDBACK
VALUES ('F6', '-', 5, 'R1', 'E16', 'C9');
INSERT INTO FEEDBACK
VALUES ('F7', 'Bed was not comfortable.', 3, 'R4', 'E16', 'C7');
INSERT INTO FEEDBACK
VALUES ('F8', 'Tv was not working.', 3, 'R4', 'E16', 'C13');
INSERT INTO FEEDBACK
VALUES ('F9', '-', 5, 'R1', 'E11', 'C16');
INSERT INTO FEEDBACK
VALUES ('F10', 'Cleaning could have done better.', 3, 'R4', 'E11', 'C11');

CREATE TABLE BOOKING
(
    ID           VARCHAR2(6) PRIMARY KEY,
    BOOKER_ID    VARCHAR(6) NOT NULL,
    BOOKING_DATE DATE       NOT NULL,
    ENTER_DATE   DATE       NOT NULL,
    EXIT_DATE    DATE       NOT NULL,
    EMPLOYEE_ID  VARCHAR(6) NOT NULL,
    CONSTRAINT BOOKING_EMPLOYEE_ID_FK FOREIGN KEY (EMPLOYEE_ID)
        REFERENCES EMPLOYEE (ID) ON DELETE CASCADE,
    CONSTRAINT BOOKING_CUSTOMER_ID_FK FOREIGN KEY (BOOKER_ID)
        REFERENCES CUSTOMER (ID) ON DELETE CASCADE
);

INSERT INTO BOOKING
VALUES ('1', 'C1', TO_DATE('13/06/2020', 'DD/MM/YYYY'), TO_DATE('16/06/2020', 'DD/MM/YYYY'),
        TO_DATE('27/12/2021', 'DD/MM/YYYY'), 'E11');
INSERT INTO BOOKING
VALUES ('2', 'C2', TO_DATE('13/07/2020', 'DD/MM/YYYY'), TO_DATE('14/03/2020', 'DD/MM/YYYY'),
        TO_DATE('14/01/2021', 'DD/MM/YYYY'), 'E16');
INSERT INTO BOOKING
VALUES ('3', 'C3', TO_DATE('15/02/2020', 'DD/MM/YYYY'), TO_DATE('24/09/2020', 'DD/MM/YYYY'),
        TO_DATE('16/03/2021', 'DD/MM/YYYY'), 'E16');
INSERT INTO BOOKING
VALUES ('4', 'C8', TO_DATE('23/03/2020', 'DD/MM/YYYY'), TO_DATE('20/11/2020', 'DD/MM/YYYY'),
        TO_DATE('05/10/2021', 'DD/MM/YYYY'), 'E11');
INSERT INTO BOOKING
VALUES ('5', 'C11', TO_DATE('05/01/2020', 'DD/MM/YYYY'), TO_DATE('04/12/2020', 'DD/MM/YYYY'),
        TO_DATE('10/04/2021', 'DD/MM/YYYY'), 'E11');
INSERT INTO BOOKING
VALUES ('6', 'C9', TO_DATE('13/07/2020', 'DD/MM/YYYY'), TO_DATE('14/03/2020', 'DD/MM/YYYY'),
        TO_DATE('14/01/2021', 'DD/MM/YYYY'), 'E16');
INSERT INTO BOOKING
VALUES ('7', 'C7', TO_DATE('15/02/2020', 'DD/MM/YYYY'), TO_DATE('24/09/2020', 'DD/MM/YYYY'),
        TO_DATE('16/03/2021', 'DD/MM/YYYY'), 'E16');
INSERT INTO BOOKING
VALUES ('8', 'C13', TO_DATE('23/03/2020', 'DD/MM/YYYY'), TO_DATE('20/11/2020', 'DD/MM/YYYY'),
        TO_DATE('05/10/2021', 'DD/MM/YYYY'), 'E16');
INSERT INTO BOOKING
VALUES ('9', 'C16', TO_DATE('05/01/2020', 'DD/MM/YYYY'), TO_DATE('04/12/2020', 'DD/MM/YYYY'),
        TO_DATE('10/04/2021', 'DD/MM/YYYY'), 'E11');
INSERT INTO BOOKING
VALUES ('10', 'C11', TO_DATE('05/01/2020', 'DD/MM/YYYY'), TO_DATE('04/12/2020', 'DD/MM/YYYY'),
        TO_DATE('10/04/2021', 'DD/MM/YYYY'), 'E11');

CREATE TABLE RBOOKROOM
(
    BOOKING_ID VARCHAR2(6),
    ROOM_ID    VARCHAR2(6),
    PRIMARY KEY (ROOM_ID, BOOKING_ID),
    CONSTRAINT RBOOKROOM_ROOM_ID_FK FOREIGN KEY (ROOM_ID)
        REFERENCES ROOM (ID) ON DELETE CASCADE,
    CONSTRAINT RBOOROOM_BOOKING_ID_FK FOREIGN KEY (BOOKING_ID)
        REFERENCES BOOKING (ID) ON DELETE CASCADE
);

INSERT INTO RBOOKROOM
VALUES ('1', 'R1');
INSERT INTO RBOOKROOM
VALUES ('2', 'R2');
INSERT INTO RBOOKROOM
VALUES ('3', 'R3');
INSERT INTO RBOOKROOM
VALUES ('4', 'R4');
INSERT INTO RBOOKROOM
VALUES ('5', 'R5');
INSERT INTO RBOOKROOM
VALUES ('5', 'R4');
INSERT INTO RBOOKROOM
VALUES ('6', 'R1');
INSERT INTO RBOOKROOM
VALUES ('7', 'R2');
INSERT INTO RBOOKROOM
VALUES ('8', 'R3');
INSERT INTO RBOOKROOM
VALUES ('8', 'R2');
INSERT INTO RBOOKROOM
VALUES ('8', 'R5');
INSERT INTO RBOOKROOM
VALUES ('9', 'R4');
INSERT INTO RBOOKROOM
VALUES ('10', 'R5');

CREATE TABLE RBILL
(
    BOOKING_ID     VARCHAR(6),
    CUSTOMER_ID    VARCHAR(6),
    BILL_DATE      DATE NOT NULL,
    EXP_DATE       DATE NOT NULL,
    PAID_DATE      DATE,
    PAYMENT_METHOD VARCHAR2(8),
    PRIMARY KEY (BOOKING_ID, CUSTOMER_ID),
    CONSTRAINT RBILL_CUSTOMER_ID_FK FOREIGN KEY (CUSTOMER_ID)
        REFERENCES CUSTOMER (ID) ON DELETE CASCADE,
    CONSTRAINT RBILL_BOOKING_ID_FK FOREIGN KEY (BOOKING_ID)
        REFERENCES BOOKING (ID) ON DELETE CASCADE
);

INSERT INTO RBILL
VALUES ('1', 'C1', TO_DATE('14/06/2020', 'DD/MM/YYYY'), TO_DATE('28/06/2021', 'DD/MM/YYYY'),
        TO_DATE('14/07/2020', 'DD/MM/YYYY'), 'online');
INSERT INTO RBILL
VALUES ('2', 'C2', TO_DATE('14/07/2020', 'DD/MM/YYYY'), TO_DATE('15/01/2021', 'DD/MM/YYYY'),
        TO_DATE('14/08/2020', 'DD/MM/YYYY'), 'online');
INSERT INTO RBILL
VALUES ('3', 'C3', TO_DATE('16/02/2020', 'DD/MM/YYYY'), TO_DATE('17/03/2021', 'DD/MM/YYYY'),
        TO_DATE('16/03/2020', 'DD/MM/YYYY'), 'cash');
INSERT INTO RBILL
VALUES ('4', 'C8', TO_DATE('24/03/2020', 'DD/MM/YYYY'), TO_DATE('06/10/2021', 'DD/MM/YYYY'),
        TO_DATE('24/04/2020', 'DD/MM/YYYY'), 'cash');
INSERT INTO RBILL
VALUES ('5', 'C11', TO_DATE('06/01/2020', 'DD/MM/YYYY'), TO_DATE('11/04/2021', 'DD/MM/YYYY'),
        TO_DATE('06/02/2020', 'DD/MM/YYYY'), 'card');
INSERT INTO RBILL
VALUES ('6', 'C9', TO_DATE('14/06/2020', 'DD/MM/YYYY'), TO_DATE('28/06/2021', 'DD/MM/YYYY'),
        TO_DATE('14/07/2020', 'DD/MM/YYYY'), 'online');
INSERT INTO RBILL
VALUES ('7', 'C7', TO_DATE('14/07/2020', 'DD/MM/YYYY'), TO_DATE('15/01/2021', 'DD/MM/YYYY'), NULL, NULL);
INSERT INTO RBILL
VALUES ('8', 'C13', TO_DATE('16/02/2020', 'DD/MM/YYYY'), TO_DATE('17/03/2021', 'DD/MM/YYYY'), NULL, NULL);
INSERT INTO RBILL
VALUES ('9', 'C16', TO_DATE('24/03/2020', 'DD/MM/YYYY'), TO_DATE('06/10/2021', 'DD/MM/YYYY'),
        TO_DATE('24/04/2020', 'DD/MM/YYYY'), 'cash');
INSERT INTO RBILL
VALUES ('10', 'C11', TO_DATE('06/01/2020', 'DD/MM/YYYY'), TO_DATE('11/04/2021', 'DD/MM/YYYY'), NULL, NULL);

CREATE TABLE RBOOKITEM
(
    BOOKING_ID  VARCHAR(6),
    CUSTOMER_ID VARCHAR(6),
    PRIMARY KEY (BOOKING_ID, CUSTOMER_ID),
    CONSTRAINT RBOOKITEM_CUSTOMER_ID_FK FOREIGN KEY (CUSTOMER_ID)
        REFERENCES CUSTOMER (ID) ON DELETE CASCADE,
    CONSTRAINT RBOOKITEM_BOOKING_ID_FK FOREIGN KEY (BOOKING_ID)
        REFERENCES BOOKING (ID) ON DELETE CASCADE
);

INSERT INTO RBOOKITEM
VALUES ('1', 'C1');
INSERT INTO RBOOKITEM
VALUES ('2', 'C2');
INSERT INTO RBOOKITEM
VALUES ('3', 'C3');
INSERT INTO RBOOKITEM
VALUES ('4', 'C8');
INSERT INTO RBOOKITEM
VALUES ('5', 'C11');
INSERT INTO RBOOKITEM
VALUES ('5', 'C12');
INSERT INTO RBOOKITEM
VALUES ('5', 'C13');
INSERT INTO RBOOKITEM
VALUES ('6', 'C9');
INSERT INTO RBOOKITEM
VALUES ('7', 'C7');
INSERT INTO RBOOKITEM
VALUES ('8', 'C13');
INSERT INTO RBOOKITEM
VALUES ('8', 'C14');
INSERT INTO RBOOKITEM
VALUES ('8', 'C15');
INSERT INTO RBOOKITEM
VALUES ('8', 'C16');
INSERT INTO RBOOKITEM
VALUES ('8', 'C17');
INSERT INTO RBOOKITEM
VALUES ('9', 'C16');
INSERT INTO RBOOKITEM
VALUES ('10', 'C11');
